{
  "title": "5 Animes curtinhos para maratonar no carnaval!",
  "date": "",
  "thumbnail": "/img/uploads/17503-whatsapp-image-2022-02-28-at-10.37.36.jpeg",
  "description": "Feriadão de carnaval chegouu 🥳🤩 E pra quem gosta de foliar vendo um anime 🤓 eu separei pra você 5 animes ÓTIMOS e curtos pra você assistir tudo nesse feriadão😛. 📺Assiste e depois me conta qual foi que você mais gostou 🤩",
  "body": "\n\n![]()",
  "meta_title": "",
  "meta_description": "",
  "sections": [
    {
      "type": "custom-html",
      "html": "<section class=\"md-content mb-5 pt-1 pt-sm-2 pt-lg-3\"><div class=\"container\"><p><img src=\"/img/uploads/whatsapp-image-2022-02-28-at-10.37.36-1-.jpeg\" alt=\"NANATSU NO TAIZAI (THE SEVEN DEADLY SINS)\" title=\"SINOPSE: UMA PRINCESA EMBARCA EM UMA AVENTURA PARA REUNIR UM GRUPO DE CAVALEIROS QUE PODERÁ TIRAR OS DÉSPOTAS DO PODER E RETOMAR A LIBERDADE DO REINO.\"></p><blockquote><p><strong>SINOPSE:</strong> UMA PRINCESA EMBARCA EM UMA AVENTURA PARA REUNIR UM GRUPO DE CAVALEIROS QUE PODERÁ TIRAR OS DÉSPOTAS DO PODER E RETOMAR A LIBERDADE DO REINO.</p></blockquote><p><img src=\"/img/uploads/whatsapp-image-2022-02-28-at-10.37.37-1-.jpeg\" alt=\"AJIN\" title=\"AJIN - Quando é atropelado por um caminhão, Kei descobre que é um &quot;Ajin&quot; e rapidamente passa a ser procurado pelo governo. Só há uma pessoa em quem ele possa confiar.\"></p><blockquote><p><strong>SINOPSE:</strong> AJIN - Quando é atropelado por um caminhão, Kei descobre que é um \"Ajin\" e rapidamente passa a ser procurado pelo governo. Só há uma pessoa em quem ele possa confiar.</p></blockquote><p><img src=\"/img/uploads/whatsapp-image-2022-02-28-at-10.37.37.jpeg\" alt=\"MUSHI-SHI\" title=\"MUSHI-SHI: Em uma pequena aldeia onde mora um pai super protetor , Ginko encontra um Mushi que prevê desastres!\"></p><blockquote><p><strong>SINOPSE:</strong> MUSHI-SHI: Em uma pequena aldeia onde mora um pai super protetor , Ginko encontra um Mushi que prevê desastres!</p></blockquote><p><img src=\"/img/uploads/whatsapp-image-2022-02-28-at-10.37.37-2-.jpeg\" alt=\"KNIGHTS OF SIDONIA\" title=\"KNIGHTS OF SIDONIA: Um herói se levanta para salvar um mundo contido numa espaçonave sob ataques constantes. Série original de anime baseada no mangá de sucesso internacional.\"></p><blockquote><p><strong>SINOPSE:</strong> KNIGHTS OF SIDONIA: Um herói se levanta para salvar um mundo contido numa espaçonave sob ataques constantes. Série original de anime baseada no mangá de sucesso internacional.</p></blockquote><p><img src=\"/img/uploads/whatsapp-image-2022-02-28-at-10.37.37-3-.jpeg\" alt=\"KEEP YOUR HANDS OFF EIZOUKEN!\" title=\"KEEP YOUR HANDS OFF EIZOUKEN!: É uma série completo em 12 episódios. O anime conta com a história de um trio de estudantes que pretendem finalizar um projeto audiovisual: Uma animação para salvar o clube de cinema da escola. \"></p><blockquote><p><strong>SINOPSE:</strong> KEEP YOUR HANDS OFF EIZOUKEN!: É uma série completo em 12 episódios. O anime conta com a história de um trio de estudantes que pretendem finalizar um projeto audiovisual: Uma animação para salvar o clube de cinema da escola.</p></blockquote></div></section>"
    }
  ]
}