{
  "assetsByChunkName": {
    "vendors~app-account~app-checkout~app-confirmation~app-order": "chunk.026fadaf0b7e19e77f75.js",
    "vendors~app-account~app-confirmation~app-order": "chunk.3c1f1e91dfe6e240f6a3.js",
    "vendors~app-account~app-checkout": "chunk.6ece6653ce34f1a9cbaf.js",
    "admin": [
      "admin.458025569017be9eea2c.js",
      "admin.458025569017be9eea2c.js.map"
    ],
    "app-account": "chunk.07802f52c2513b0b17e9.js",
    "app-confirmation": "chunk.78a18d22d50ddca19e5a.js",
    "app-order": "chunk.c4ced903a262dd3abe8e.js",
    "checkout": [
      "checkout.57ac9104f5ea1b90f378.js",
      "checkout.57ac9104f5ea1b90f378.js.map"
    ],
    "storefront": [
      "storefront.de66487ec01555520dc8.css",
      "storefront.3b4b978323f7c0c2a4f8.js",
      "storefront.de66487ec01555520dc8.css.map",
      "storefront.3b4b978323f7c0c2a4f8.js.map"
    ],
    "vendors~app-cart": "chunk.c5891bab5f187d60a825.js",
    "vendors~app-checkout": "chunk.b15c6e20d188cb68721c.js"
  }
}