{
  "youtube": "https://www.youtube.com/channel/UCwuvZuJ6urNqD_tL9rovaYw",
  "facebook": "https://m.facebook.com/OficialGeeks/",
  "phone": "",
  "doc_number": "",
  "whatsapp": "(48) 9 91366213",
  "instagram": "https://www.instagram.com/geeks.oficial/",
  "twitter": "https://twitter.com/OficialGeeks",
  "address": "CEP 88.036-002 - Rua Lauro Linhares - Trindade - 2010 Loja 03 - Florianopolis - SC",
  "tiktok": "",
  "pinterest": "",
  "email": "contato@geeksoficial.com.br",
  "linkedin": "https://www.linkedin.com/company/geek-s/"
}