{
  "meta_title": "",
  "meta_description": "",
  "sections": [
    {
      "type": "banner-slider",
      "autoplay": 9000,
      "full_width": true,
      "slides": [
        {
          "start": "",
          "end": "",
          "img": "/img/uploads/17503-whatsapp-image-2022-02-11-at-17.30.10.jpeg"
        }
      ]
    },
    {
      "type": "brands-carousel",
      "limit": 24,
      "offset": 0
    },
    {
      "type": "collection-shelf",
      "shuffle": true,
      "collection_id": null,
      "sort": "offers",
      "title": "",
      "headless": true,
      "limit": 12,
      "page": 1
    },
    {
      "type": "collection-shelf",
      "shuffle": false,
      "limit": 12,
      "page": 1,
      "headless": true,
      "sort": "sales"
    },
    {
      "type": "custom-html",
      "html": "<div class=\"container\"><ul><li><h2><strong>Já segue a gente no Instagram?? Olha que legal nosso último post!</strong></h2></li></ul><blockquote><p>Dica, toda semana mandamos ofertas exclusivas para os nossos seguidores! Descontos de até 60%! Você não vai ficar fora dessa, né?</p></blockquote><iframe class=\"instagram-media instagram-media-rendered\" id=\"instagram-embed-0\" src=\"https://www.instagram.com/tv/CZzZ7gnlM6H/embed/?cr=1&amp;v=14&amp;wp=810&amp;rd=https%3A%2F%2Fgeeksoficial.com.br&amp;rp=%2F#%7B%22ci%22%3A0%2C%22os%22%3A434%2C%22ls%22%3A115.5%2C%22le%22%3A375%7D\" allowtransparency=\"true\" allowfullscreen=\"true\" frameborder=\"0\" height=\"634\" data-instgrm-payload-id=\"instagram-media-payload-0\" scrolling=\"no\" style=\"background: white; max-width: 540px; width: calc(100% - 2px); border-radius: 3px; border: 1px solid rgb(219, 219, 219); box-shadow: none; display: block; margin: 0px 0px 12px; min-width: 326px; padding: 0px;\"></iframe><script async=\"\" src=\"//www.instagram.com/embed.js\"></script><h2><strong>Olhem só, que incríveis essas caixas de som bluetooth! Conheça a MI Compact 2 e a Little Fun</strong></h2><iframe class=\"instagram-media instagram-media-rendered\" id=\"instagram-embed-1\" src=\"https://www.instagram.com/tv/CZfFYDwoWOL/embed/?cr=1&amp;v=14&amp;wp=810&amp;rd=https%3A%2F%2Fgeeksoficial.com.br&amp;rp=%2F#%7B%22ci%22%3A1%2C%22os%22%3A438.60000002384186%2C%22ls%22%3A115.5%2C%22le%22%3A375%7D\" allowtransparency=\"true\" allowfullscreen=\"true\" frameborder=\"0\" height=\"634\" data-instgrm-payload-id=\"instagram-media-payload-1\" scrolling=\"no\" style=\"background: white; max-width: 540px; width: calc(100% - 2px); border-radius: 3px; border: 1px solid rgb(219, 219, 219); box-shadow: none; display: block; margin: 0px 0px 12px; min-width: 326px; padding: 0px;\"></iframe><script async=\"\" src=\"//www.instagram.com/embed.js\"></script></div>"
    },
    {
      "type": "blog",
      "enabled": true
    },
    {
      "type": "custom-html",
      "html": "<section class=\"custom-html my-4 my-lg-5\"><div class=\"container\"><div class=\"html-clearfix\"><iframe src=\"https://www.google.com/maps/embed?pb=!1m18!1m12!1m3!1d113149.08785481122!2d-48.59107714179688!3d-27.59635089999999!2m3!1f0!2f0!3f0!3m2!1i1024!2i768!4f13.1!3m3!1m2!1s0x9527391aa4f4ae3f%3A0xde59b13b15a259cf!2sGeeks%20-%20Acess%C3%B3rios%20%26%20Assist%C3%AAncia%20T%C3%A9cnica%20Premium!5e0!3m2!1spt-BR!2sbr!4v1646058164729!5m2!1spt-BR!2sbr\" width=\"600\" height=\"450\" style=\"border:0;\" allowfullscreen=\"\" loading=\"lazy\"></iframe></div></div></section>"
    }
  ]
}